<?xml version="1.0" encoding="UTF-8"?><?xml-stylesheet type='text/xsl' href='_UpgradeReport_Files/UpgradeReport.xslt'?><UpgradeLog>
<Properties><Property Name="Solution" Value="TexasHoldEmFoldUp">
</Property><Property Name="Solution File" Value="C:\Users\Ted\Documents\Visual Studio 2010\Projects\TexasHoldEmFoldUpO\TexasHoldEmFoldUp.sln">
</Property><Property Name="Date" Value="Tuesday, August 11, 2015">
</Property><Property Name="Time" Value="9:29 AM">
</Property></Properties><Event ErrorLevel="0" Project="TexasHoldEmFoldUp" Source="TexasHoldEmFoldUp\TexasHoldEmFoldUp.csproj" Description="Project converted successfully">
</Event><Event ErrorLevel="3" Project="TexasHoldEmFoldUp" Source="TexasHoldEmFoldUp\TexasHoldEmFoldUp.csproj" Description="Converted">
</Event><Event ErrorLevel="0" Project="" Source="TexasHoldEmFoldUp.sln" Description="Solution converted successfully">
</Event><Event ErrorLevel="3" Project="" Source="TexasHoldEmFoldUp.sln" Description="Converted">
</Event><Event ErrorLevel="0" Project="TexasHoldEmFoldUp" Source="TexasHoldEmFoldUp\TexasHoldEmFoldUp.csproj" Description="Scan complete: Upgrade not required for project files.">
</Event></UpgradeLog>